id,created,last_updated,time_posted,title,description,job_family,seniority,location,company_id,company_name,employer_category,external_url,gpt4all_output
263421972.0,12-08-2024 12:43,04-10-2024 16:41,1 week ago,Salesforce vlocity developer,"Qualifications - External\n\nJOB DESCRIPTION\n\nSkill: Salesforce Developer\n\nExp-3-10Yrs\n\nRole / Tier: -Software engineer/Senior software engineer, Tier 3\n\nJob Description\n\nÃ˜ Mandate : Strong LWC with Velocity , Salesforce Integration, GIT+CI/CD\n\nDesign and build high-performance, reusable, and reliable Apex code with best practices in mind.\n\nÃ˜ Develop custom Lightning Web Components and optimize existing components with a focus on performance and maintainability.\n\nÃ˜ Troubleshoot and debug JavaScript and Apex code, ensuring the highest level of application stability and performance.\n\nÃ˜ Work closely with administrators, architects, and business partners to realize Salesforce solutions based on business requirements.\n\nÃ˜ Participate in code reviews and ensure adherence to coding standards and best practices. Manage integrations with other systems using Salesforce APIs.\n\nÃ˜ Maintain a clear history of code through source control tools. Stay up-to-date with Salesforce releases and leverage new features and enhancements.\n\nÃ˜ Proven experience as a Salesforce Developer with a strong focus on Lightning Web Components and JavaScript.\n\nExcellent knowledge of Salesforce technologies, including Apex, Visualforce, Aura Components, and Salesforce APIs.\n\nÃ˜ Strong debugging and problem-solving skills with an ability to work in a fast-paced environment.\n\nÃ˜ Experience with Salesforce data tools (Data Loader, etc.).\n\nUnderstanding of best practices regarding Salesforce configurations, Apex classes, test classes, triggers, and workflows. Salesforce Developer Certification is preferred.\n\nBachelor's degree in Computer Science, Software Engineering, or related field.\n\nAbout Virtusa\n\nTeamwork, quality of life, professional and personal development: values that Virtusa is proud to embody. When you join us, you join a team of 21,000 people globally that cares about your growth â€” one that seeks to provide you with exciting projects, opportunities and work with state of the art technologies throughout your career with us.\n\nGreat minds, great potential: it all comes together at Virtusa. We value collaboration and the team environment of our company, and seek to provide great minds with a dynamic place to nurture new ideas and foster excellence.\n\nVirtusa was founded on principles of equal opportunity for all, and so does not discriminate on the basis of race, religion, color, sex, gender identity, sexual orientation, age, non-disqualifying physical or mental disability, national origin, veteran status or any other basis covered by appropriate law. All employment is decided on the basis of qualifications, merit, and business need.",Business & Functional Analysis,Associate,"Andhra Pradesh, India",687092.0,Virtusa,"Technology, Hardwares and others",https://www.virtusa.com/careers/in/hyderabad/salesforce/salesforce-vlocity-developer/creq196100,"Experience: [years of experience, if applicable]
    Location: [city/state]"
263421468.0,12-08-2024 12:43,15-09-2024 18:13,1 week ago,Senior Lead Engineer,"Date Posted:\n\n2024-08-05\n\nCountry:\n\nIndia\n\nLocation:\n\nNorth Gate Business Park Sy.No 2/1, and Sy.No 2/2, KIAL Road, Venkatala Village, Chowdeshwari Layout, Yelahanka, Bangalore, Karnataka 560064\n\nPosition Role Type:\n\nUnspecified\n\nOverview:\n\nThis position Sr.Lead engineer will be responsible for Qualification documentation for Lighting products to support for multiple BU's which demands resource addition\n\nPosition: Senior Lead Engineer (P3)\n\nPrimary Responsibilities:\n\nâ€¢ 7+ yrs Experience in Electrical/EMI domain. \nâ€¢ Experience in Qualification documentation and coordination of qual/cert activities preferably for B/E Aero standards and processes. \nâ€¢ Fundamental knowledge of EMI/EMC design and testing. \nâ€¢ Experience in DO-160 & DO-254 processes and documentation, Procedures and testing . \nâ€¢ Writing and reviewing qualification documents (QTPlan, QTProcedure, QTReports, Similarity and Analysis Reports, etc.), review customer requirements for qualification.\n\n\nBasic Qualifications:\n\nâ€¢ Bachelor's/Master's degree in Engineering (ECE/EEE) with 7 + Years of experience\n\n\nCollins Aerospace, a Raytheon Technologies company, is a leader in technologically advanced and intelligent solutions for the global aerospace and defense industry. Collins Aerospace has the capabilities, comprehensive portfolio and expertise to solve customersâ€™ toughest challenges and to meet the demands of a rapidly evolving global market.\n\nAt Collins Aerospace, our Interiors team is focused on innovation, safety and cost efficiency. But we donâ€™t just get people from point A to point B. Weâ€™re committed to making air travel more comfortable, connected and secure. As a leader in aviation interior products and services, weâ€™re helping airlines and original equipment manufacturers create a positive experience for their customers. With offices and manufacturing facilities in more than 12 states across the U.S. and more than 10 countries around the globe, weâ€™re changing the game of aircraft interiors. Are you ready to join our team\n\nCollins Aerospace Diversity & Inclusion Statement:\n\nDiversity drives innovation; inclusion drives success. We believe a multitude of approaches and ideas enable us to deliver the best results for our workforce, workplace, and customers. We are committed to fostering a culture where all employees can share their passions and ideas so we can tackle the toughest challenges in our industry and pave new paths to limitless possibility.\n\nWE ARE REDEFINING AEROSPACE.\n\nSome of our competitive benefits package includes:\n\nBenefits package includes:\n\nâ€¢ Group Term Life Insurance. \nâ€¢ Group Health Insurance. \nâ€¢ Group Personal Accident Insurance. \nâ€¢ Entitled for 18 days of vacation and 12 days of contingency leave annually. \nâ€¢ Employee scholar programme. \nâ€¢ Work life balance. \nâ€¢ Car lease programme. \nâ€¢ National Pension Scheme\nâ€¢ LTA\nâ€¢ Fuel & Maintenance /Driver wages\nâ€¢ Meal vouchers\n\n\nNothing matters more to Collins Aerospace than our strong ethical and safety commitments. As such, all India positions require a background check, which may include a drug screen.\n\nNote:\n\nâ€¢ Background check required (every external new hire in the India)\nâ€¢ Drug Screen only performed for Operations Positions\n\n\nAt Collins, the paths we pave together lead to limitless possibility. And the bonds we form â€“ with our customers and with each other -- propel us all higher, again and again.\n\nApply now and be part of the team thatâ€™s redefining aerospace, every day.\n\nRTX is An Equal Opportunity/Affirmative Action Employer. All qualified applicants will receive consideration for employment without regard to race, color, religion, sex, sexual orientation, gender identity, national origin, disability or veteran status, age or any other federally protected class.\n\nPrivacy Policy and Terms:\n\nClick on this link to read the Policy and Terms",Software Development & Digital Engineering,Mid-Senior level,"Bengaluru, Karnataka, India",12503937.0,Collins Aerospace,"Manufacturing, Automotive, Energy",https://careers.rtx.com/global/en/job/RAYTGLOBAL01718544EXTERNALENGLOBAL/Senior-Lead-Engineer?utm_source=linkedin&utm_medium=phenom-feeds,"Location: [location]
    Start Date: [start date]
    End Date: [end date]
    Expected Salary Range: $[salary range] - $[salary range] per year."
263444857.0,12-08-2024 13:06,15-09-2024 18:14,3 days ago,Senior Product Owner,"Job Description\n\nSome careers have more impact than others.\n\nIf youâ€™re looking for a career where you can make a real impression, join HSBC and discover how valued youâ€™ll be.\n\nHSBC is one of the largest banking and financial services organisations in the world, with operations in 62 countries and territories. We aim to be where the growth is, enabling businesses to thrive and economies to prosper, and, ultimately, helping people to fulfil their hopes and realise their ambitions.\n\nWe are currently seeking an experienced professional to join our team in the role of Senior Product Owner\n\nPrincipal Responsibilities\n\nâ€¢ Responsible for understanding and capturing business/use case requirements and translating these into detailed technical Epics + Stories, including creation of wireframes and storyboards, where appropriate. \nâ€¢ Actively participating in Agile Sprint Ceremonies with effective refining, management, and prioritisation of the product backlog. \nâ€¢ Ensuring that platform enhancements delivered are tested and fit for purpose, achieving the desired business outcomes. \nâ€¢ Acting as a product owner lead on various use cases including strong stakeholder management and communication. \nâ€¢ Demonstrating a high technical aptitude to enable collaboration with IT and ensure requirements are understood for successful delivery. \nâ€¢ Supporting with the documentation of processes and user guides related to the platform. \nâ€¢ Partner closely with Data Delivery team, DAO Group Functions to ensure successful end to end delivery of trusted data to meet business use case objectives.\n\n\nRequirements\n\nâ€¢ Excellent experience with SQL and/or other data query languages. \nâ€¢ Hands on experience working on Hadoop Big Data, Delta Lake and Google Cloud Platform technologies is advantageous. \nâ€¢ Experience or knowledge on Data Virtualisation products and technologies desirable \nâ€¢ Experience or knowledge on Data Security/Entitlements/Encryption products and technologies desirable \nâ€¢ Experience or knowledge on observability, monitoring and instrumentation products and technologies desirable. \nâ€¢ Experience or knowledge on REST and Streaming APIs desirable. \nâ€¢ Knowledge of authentication technologies and/or data privacy & sharing desirable.\n\n\nYouâ€™ll achieve more at HSBC\n\nHSBC is an equal opportunity employer committed to building a culture where all employees are valued, respected and opinions count. We take pride in providing a workplace that fosters continuous professional development, flexible working and, opportunities to grow within an inclusive and diverse environment. We encourage applications from all suitably qualified persons irrespective of, but not limited to, their gender or genetic information, sexual orientation, ethnicity, religion, social status, medical care leave requirements, political affiliation, people with disabilities, color, national origin, veteran status, etc., We consider all applications based on merit and suitability to the role.â€\n\nPersonal data held by the Bank relating to employment applications will be used in accordance with our Privacy Statement, which is available on our website.\n\nâ€¢ Issued By HSBC Electronic Data Processing (India) Private LTD***",Business & Functional Analysis,Not Applicable,"Hyderabad, Telangana, India",944746.0,HSBC,BFSI,https://mycareer.hsbc.com/en_GB/external/PipelineDetail/Senior-Product-Owner/239243?src=JB-257546,"Location: [location name, e.g., New York City]
    Email: [email address]
    Phone Number: [phone number]
    Reason for applying: [your reason for applying]"
263472053.0,12-08-2024 13:36,13-09-2024 13:13,Just now,Network Security Technical Specialist,"Security isnâ€™t always the first thing that comes to mind when you think of BT, but when it comes to keeping everyone safely connected, We Are The Protectors. We deal with thousands of cyber-attacks every day, so that millions of people can safely go about their daily lives and run their businesses. We deliver vital work at scale, with real breadth and impact. We connect for good.\n\nThis is an opportunity to play your part and protect our company, our customers and our communities from cyberattack. Be part of a dedicated team and get ready to be challenged every day to make the most of your skills and experience. Youâ€™ll learn from those around you, and from outstanding training and development resources to become even better at what you do. With the best technology at your fingertips, you'll be part of a friendly and flexible working environment where your contribution is always valued.\n\nWhy this job matters\n\nThe Cyber Security Ops. Specialist executes a range of workstreams in delivering security solutions including delivering regular risk reporting, coordinating compliance review activities, and identifying operational improvements and organisational vulnerabilities and risks.\n\nWhat Youâ€™ll Be Doing\n\n1 - Executes activities around incident response, security monitoring, threat hunting, security analytics and reporting.\n\n2 - Collaborates with vendors, consultants, and third-party service providers to ensure that baseline information security configurations are defined for products deployed across all technology platforms.\n\n3 - Mentors other security operations professionals, helping to improve the team's abilities by acting as a technical resource.\n\nâ€¢ Champions, continuously develops and shares with team knowledge on emerging trends and changes in security operations.\nâ€¢ Contributes to crucial relationships across the BT Group delivering efficient and consistent security operations services through continuous improvement opportunities creating defense lines that address growing business needs and a rapidly evolving security and threat landscape.\nâ€¢ Ensures visibility on issues and gaps resulting from the security monitoring activities and wider capabilities to suggest innovative and efficient ways in addressing incident response.\nâ€¢ Applies analytics to provide insight to other security leaders in order to enhance policies and processes related to risk management, security programme management, and security governance.\nâ€¢ Executes continuous and rigorous assessment of current security operations processes and technology to craft enhanced strategy, process, and technology recommendations.\nâ€¢ Empowers collaborations with security engineering and vulnerability teams to ensure security tooling is providing operations functions with appropriate visibility to detect and respond to security events as well as building processes to better inform on indicators of compromise.\nâ€¢ Manages the development of baseline reporting metrics to effectively measure the health of the security operations domain and provide executive-level reporting of events, incidents, and trends.\n\n\n11 - Maintains security procedures for products, applications, and platforms, and act as a go-to technical resource for risky or unusual security or compliance matters.\n\nThe Skills Youâ€™ll Need\n\nTroubleshooting\n\nEscalation Management\n\nLegal & Regulatory Environment and Compliance\n\nChange Management\n\nService Level Agreement Management\n\nStakeholder Management\n\nConfiguration Management\n\nAccess Control\n\nData Analysis\n\nIntrusion Detection & Analysis\n\nCustomer Relationship Management\n\nThreat Hunting\n\nDecision Making\n\nTechnical Reporting\n\nGrowth Mindset\n\nSecurity Assessment\n\nInclusive Leadership\n\nIncident Management\n\nOur leadership standards\n\nLooking in:\n\nLeading inclusively and Safely\n\nI inspire and build trust through self-awareness, honesty and integrity.\n\nOwning outcomes\n\nI take the right decisions that benefit the broader organisation.\n\nLooking out:\n\nDelivering for the customer\n\nI execute brilliantly on clear priorities that add value to our customers and the wider business.\n\nCommercially savvy\n\nI demonstrate strong commercial focus, bringing an external perspective to decision-making.\n\nLooking to the future:\n\nGrowth mindset\n\nI experiment and identify opportunities for growth for both myself and the organisation.\n\nBuilding for the future\n\nI build diverse future-ready teams where all individuals can be at their best.\n\nSecurity is one of the fastest growing parts of our global organisation. We are protecting our networks from more than 6,500 cyber attacks each day, investing over Â£40m in research each year - and in employing nearly 3,000 people, weâ€™re also the largest private cyber employer in the UK. With incredible opportunities to learn, develop and grow your skills, weâ€™ll invest in you, nurture your potential and shape your future â€“ whatever your background or experience.\n\nIn todayâ€™s world, safe and secure digital connections have never been more vital. Youâ€™ll be joining a global company operating at the forefront of the information age: BT employs 90,000 people in 180 countries. With huge scale, weâ€™re capable of achieving great things, striving to be personal, simple, and brilliant for our customers whilst creating an inclusive working environment where people from all backgrounds can succeed. Play your part. Make a difference. We are the Protectors.\n\nA FEW POINTS TO NOTE:\n\nAlthough these roles are listed as full-time, if youâ€™re a job share partnership, work reduced hours, or any other way of working flexibly, please still get in touch.\n\nDON'T MEET EVERY SINGLE REQUIREMENT?\n\nStudies have shown that women and people who are disabled, LGBTQ+, neurodiverse or from ethnic minority backgrounds are less likely to apply for jobs unless they meet every single qualification and criteria. We're committed to building a diverse, inclusive, and authentic workplace where everyone can be their best, so if you're excited about this role but your past experience doesn't align perfectly with every requirement on the Job Description, please apply anyway - you may just be the right candidate for this or other roles in our wider team.",Enterprise Applications & ERP,Not Applicable,"Bengaluru, Karnataka, India",471632.0,BT Group,Telecom & Media,https://jobs.bt.com/BTGroup/job/12-Bannerghatta-Road-Network-Security-Technical-Specialist-Beng/801010002/&src=JB-12000,"Comments: [additional comments or notes about the job, such as any relevant qualifications or previous experience]"
263484018.0,12-08-2024 13:51,20-08-2024 13:50,4 days ago,Associate Creative Director - Copy,"This candidate will be coordinating with teams across the organization to understand teams' design needs and building out their creative strategy accordingly. In each of these projects, you will ensure that outcomes are on budget, within brand, and incorporating current design trends.\n\n\nResponsibilities\nâ€¢ Lead strategy and development of all creative campaigns ensuring a consistent brand across channels\nâ€¢ Remain current on emerging trends in digital technology to incorporate new technologies into your strategy\nâ€¢ Manage production timelines, vendor relationships, and quality or cost controls\nâ€¢ Communicate cross-functionally to understand creative needs\n\n\nQualifications\n\n\nâ€¢ Bachelor's degree or equivalent\nâ€¢ 8+ years' in a copy role\nâ€¢ Current portfolio to be submitted with your application",Business & Functional Analysis,Mid-Senior level,"Bangalore Urban, Karnataka, India",1300072.0,Publicis Groupe,Telecom & Media,,Key Technical Skills: [key technical skill list]
263780665.0,13-08-2024 23:47,13-09-2024 13:20,1 day ago,Global Specification Engineer,"What Youâ€™ll Do\n\nThis role will be responsible for empalementing appropriate Eaton Crouse Hinds and B-Line solutions to targeted consultants, EPCâ€™s, approval organizations, Utilities and end-users globally.\n\nAs a Specifications Lead, you will gain, defend, and manage product specifications for the Companyâ€™s products within a target group of specifiers and influencers with the aim of increasing market share and revenues. The main objective of this position is to drive Eaton Crouse Hinds & B-Line product specifications as â€œThe Supplier of First Choiceâ€ by continuous engagement with internal and external stakeholders. The successful candidate will execute cross-functionally across the organization to help equitably resolve gaps in service, performance, or quality; support the development of new product strategies; and/or facilitate business entry into new markets to contribute towards direct/indirect sales and enhance overall customer satisfaction.\n\nâ€¢ Approach all projects with a global mentality. All projects will be required to be mapped/tracked and supported globally.\nâ€¢ Drive Eaton B-Line and Eaton Crouse-Hinds product demand through specification with End-Users/Owners, Engineering Procurement and Construction Firms (EPCâ€™s), Design and Build Contractors (DB). Manage these activities throughout the globe while implementing KPIs developed by Regional Leadership.\nâ€¢ Develop Global FEED projects and detail engineering for global EPC projects being executed and coordinate with Global Key account managers to specify Eaton as a preferred supplier for Crouse Hinds and B-Line products.\nâ€¢ Develop projects for both green and brownfield project in renewables/non-renewables energy, O&G, Chemical, pharma and infrastructure sector around the globe and collaborate with Business Development team to identify the business potential.\nâ€¢ Collaborate with Business Development and Sales team to ensure incremental MRO/LED Conversion business for B-Line and Crouse-Hinds products.\nâ€¢ Coordinate with Sales and Quote Team providing technical support to ensure suitable product offering.\nâ€¢ Accountable for product specification, application specification, the provision of engineering design services and global project sales.\nâ€¢ Provide support on putting together the bid package for major projects including submittal drawings, past project references, example applications and interfacing with the project.\nâ€¢ Be updated on the competitorâ€™s products and solution, conduct competitor and SWOT analysis on project-to-project basis in collaboration with BD and Sales team.\nâ€¢ Conduct a weekly call with sales and BD Team to coordinate with the team about latest and upcoming events and projects (Study/FEED/Execution) by updating a project deck.\nâ€¢ Address customer issues related to quality claims, inspections, troubleshooting products issues in the field and correct interpretation of specification concerns in a timely fashion to ensure customer satisfaction.\nâ€¢ Arrange, develop and deliver technical seminars and webinars with the engineering consultants, EPCâ€™s, System Integrators, end users etc. to spread awareness and highlight on value proposition using Eaton products and solutions.\nâ€¢ Understand all aspects of renewables and non-renewables energy business, market diversification needs and competitive environment by maintaining a good relationship with prospective customers and collaborate with business development team to derive the market sentiments and trends using data analysis.\nâ€¢ Create a strong brand awareness for Eaton Crouse-Hinds & B-Line capabilities throughout the region, using digital marketing tools, social media platforms and participate in industry trade exhibitions and events etc.\n\n\n\nQualifications\n\nBachelor's degree in electrical or mechancial engineering. (Any program on Business Management will be an added advantage.)\n\n""\n\nâ€¢ 3-5+ years of professional experience in the consulting/EPC industry with strong understanding and hands-on experience of hazardous area relevant products and applications in energy, O&G, petrochemicals sector etc.\nâ€¢ Minimum 5 years of experience in electrical products specification space or handelling end user specifications/RFQ/vendor offer evaluation/TQâ€™s and vendor approval with end users or their project management consultants.\nâ€¢ Minimum 5 years of experience working with IEC standards/products. Additionally, experience working with ANSI/NEMA standards/products is preferred.""\n\n\n\nSkills\n\nâ€¢ Electrical systems, power distribution and lighting/electrical bulks design experience is preferred.\n\n\n\n""\n\nâ€¢ Communication- Communicates own ideas clearly and listen to others in an appropriate manner (both written and verbal) particularly with reference to technical information. Communication skills (both written and verbal) in English are required.\nâ€¢ Planning- Ability to identify what needs to be done to achieve objectives, priorities key issues and plans to ensure desired outcomes.\nâ€¢ Personal effectiveness- Demonstrates personnel commitment and problem-solving skills to deliver the required results.\nâ€¢ Change Management- Drives through and manages change in the working environment.\nâ€¢ Influencing and Negotiation- Able to persuade others of the validity of their own argument whilst recognising the value in other people.\nâ€¢ Commercial and Financial Awareness- Ability to apply wider business knowledge to contribute towards commercial business decisions.\nâ€¢ Public Speaking- Must be comfortable with in person meetings and public speaking to deliver presentations including to larger groups.\nâ€¢ Collaborative Mindset: Ability to work in a matrix organization, in virtual teams (across different locations), and cross-cultural environments.\nâ€¢ Learning Agility- Ability to learn and articulate product USPâ€™s and technologies.\nâ€¢ Data Analysis- Good analytical and statistical skills to support business decisions using data.\nâ€¢ Office Tools- Proficient with MS Office (Advanced Excel, Word, Outlook, power-point etc)\nâ€¢ Digital Mindset- Understand and practice the power of technology to democratize, scale and speed up every form of interaction and action in this role.""\n\n\n\n]]>",Digital Transformation & Process Automation,Not Applicable,"Mumbai, Maharashtra, India",6369793.0,Eaton,"Manufacturing, Automotive, Energy",https://eaton.eightfold.ai/careers/job/687219032299?utm_source=linkedin&domain=eaton.com,"Comments: Please provide a detailed explanation for each skill listed, including any relevant experience or certifications."
263710412.0,13-08-2024 22:25,29-12-2024 09:43,3 days ago,Consultant - Business Consulting Risk - CHS - CNS - Risk - Internal Audit - Gurgaon,"Requisition Id : 1531102\n\nAs a global leader in assurance, tax, transaction and advisory services, we hire and develop the most passionate people in their field to help build a better working world. This starts with a culture that believes in giving you the training, opportunities and creative freedom. At EY, we don't just focus on who you are now, but who you can become. We believe that itâ€™s your career and â€˜Itâ€™s yours to buildâ€™ which means potential here is limitless and we'll provide you with motivating and fulfilling experiences throughout your career to help you on the path to becoming your best professional self.\n\nThe opportunity : Consultant-CHS-Business Consulting Risk-CNS - Risk - Internal Audit - Gurgaon\n\nCHS :\n\nCHS consists of Consumer Products and Healthcare sectors.\n\nConsumer products largely entail, Retail and Agri business. Companies in this sector meet the demands of consumers all around the world, every day; providing everything from agricultural crops to food, clothes, durables and retail experiences. We help clients to capture new sources of profitable growth, rethinking how and where they bring value to consumers, today and into the future. Incumbents need to shift their focus from defending what they have to creating what they need to become.\n\nThe Health Sciences & Wellness architecture brings together a worldwide network of professionals to build data-centric approaches to customer engagement and improved outcomes. To retain relevancy in todayâ€™s digitally focused, data-infused ecosystem, all participants in the sector must rethink their business practices, including capital strategy, partnering and the creation of patient-centric operating models.\n\nCNS - Risk - Internal Audit :\n\nEY Consulting is building a better working world by transforming businesses through the power of people, technology and innovation. Our client-centric approach focuses on driving long-term value for our clients by solving their most strategic problems. EY Consulting is made up of three sub-service lines: Business Consulting (including Performance Improvement and Risk Consulting), Technology Consulting and People Advisory Services.\n\nWe help our clients in identifying and managing the interplay between upside and downside risk in order to make the long-term decisions to prevent risk and impact on their organization's ability to meet its future business strategy and objectives. The 3 key fields of play are :\n\nEnterprise Risk - helps clients identify and address key risk areas, while building the agility to respond quickly. The areas of focus include Enterprise risk and resilience, Internal audit, Compliance and Internal controls\n\nTechnology Risk - helps clients to achieve sustainable growth by supporting their efforts to protect their business performance and by providing trusted communications on internal control and regulatory compliance to investors, management, regulators, customers and other stakeholders. EY teams accomplish this by assessing the technology risks that are introduced to businesses.\n\nFinancial Services Risk - helps clients in the financial sector to identify, manage and monitor the risks in their business. It is done through a transformative and agile approach including process and procedures, risk, data modeling and analytics, reporting to stakeholders and third parties, business requirements (for software selection and IT implementation), analysis of assets and liabilities, and capital and liquidity management.\n\nYour key responsibilities\n\nTechnical Excellence\n\nCA Qualified/MBA with existing IA experience\n\nSkills and attributes\n\nTo qualify for the role you must have\n\nQualification\n\nCA Qualified/MBA with existing IA experience\n\nExperience\n\nCA Qualified/MBA with existing IA experience\n\nWhat we look for\n\nPeople with the ability to work in a collaborative manner to provide services across multiple client departments while following the commercial and legal requirements. You will need a practical approach to solving issues and complex problems with the ability to deliver insightful and practical solutions. We look for people who are agile, curious, mindful and able to sustain postivie energy, while being adaptable and creative in their approach.\n\nWhat we offer\n\nWith more than 200,000 clients, 300,000 people globally and 33,000 people in India, EY has become the strongest brand and the most attractive employer in our field, with market-leading growth over compete. Our people work side-by-side with market-leading entrepreneurs, game- changers, disruptors and visionaries. As an organisation, we are investing more time, technology and money, than ever before in skills and learning for our people. At EY, you will have a personalized Career Journey and also the chance to tap into the resources of our career frameworks to better know about your roles, skills and opportunities.\n\nEY is equally committed to being an inclusive employer and we strive to achieve the right balance for our people - enabling us to deliver excellent client service whilst allowing our people to build their career as well as focus on their wellbeing.\n\nIf you can confidently demonstrate that you meet the criteria above, please contact us as soon as possible.\n\nJoin us in building a better working world. Apply now.",Software Development & Digital Engineering,Mid-Senior level,"Gurugram, Haryana, India",6146667.0,EY,"Technology, Hardwares and others",https://careers.ey.com/ey/job/Gurugram-Consultant-Business-Consulting-Risk-CHS-CNS-Risk-Internal-Audit-Gurgaon-HR-122003/1107787901/?feedId=337401&utm_source=LinkedInJobPostings&utm_campaign=j2w_linkedin,Comments: [optional comments]
263838079.0,14-08-2024 02:05,12-09-2024 14:03,2 weeks ago,Production Supervisor â€“ Traction Gear Box Manufacturing,"Hello Visionary!\n\nWe empower our people to stay resilient and relevant in a constantly changing world. Weâ€™re looking for people who are always searching for creative ways to grow and learn. People who want to make a real impact, now and in the future. Does that sound like you? Then it seems like youâ€™d make an outstanding addition to our vibrant team. Siemens Mobility is an independent run company of Siemens AG. Its core business includes rail vehicles, rail automation and electrification solutions, turnkey systems, intelligent road traffic technology and related services. In Mobility, we help our customers meet the need for hard-working mobility solutions. Weâ€™re making the lives of people who travel easier and more enjoyable while constantly developing new, intelligent mobility solutions!\n\nWe are looking for Production Supervisor â€“ Traction Gear Box Manufacturing\n\nYouâ€™ll make a difference by\n\nWe are currently looking for a Production Supervisor, Traction Gear Box at our manufacturing factory in Nashik. Production supervisor will report to Manufacturing Head.\n\nThe job responsibilities of the Production Supervisor, include (but not limited to)\n\nâ€¢ Prepare daily / weekly production plan and loading to the team daily for the production.\nâ€¢ Conduct SFM meeting to progress every day and align for the weekly / monthly target for the production.\nâ€¢ Update the daily production updates to management with daily KPI target vs actuals.\nâ€¢ Ensure the daily production output with maintaining Quality, safety while operations.\nâ€¢ Manage all internal stake holders for maintaining the production without disruption.\nâ€¢ Confirming the production by first time right by ensuring in production quality control and mitigation for the quality issues without making any delay in production.\nâ€¢ To reduce NCC root cause analysis of defects with using various tools like A3, 8D, etc.\nâ€¢ Upgrading production skills by job rotation in the team so on job skills development can be done during normal production for the key manufacturing process.\nâ€¢ Ensuring In process quality checks on the products daily. Also checking and maintaining data for Resin parameters, etc.\nâ€¢ Ensures not only assembly quality but also the health of the machinery along with best EHS practices like 5S, Lean, TPM, etc.\nâ€¢ Maintains quality standards by establishing and enforcing production standards maintaining 5s in shopfloor.\nâ€¢ Ensuring the productivity of workmen, reduction in NCC, zero defects in production.\nâ€¢ Follows up with Planning & Logistics for timely delivery of material for Production.\n\n\nDesired Skills:\n\nâ€¢ Diploma or Graduate in Mechanical Engineering.\nâ€¢ Should have at least 6-8 yearsâ€™ experience in Traction Gear Box manufacturing processes.\nâ€¢ Experience in Assembly process of Gearbox, Manufacturing processes, and Leading People.\nâ€¢ Should be proficient in English, Hindi and Marathi.\nâ€¢ Strong communication and organizational skills\nâ€¢ Proficiency in using Microsoft office suite and administrative applications.\n\n\nJoin us and be yourself!\n\nWe value your unique identity and perspective and are fully committed to providing equitable opportunities and building a workplace that reflects the diversity of society. Come bring your authentic self and create a better tomorrow with us.\n\nMake your mark in our exciting world at Siemens.\n\nThis role is based in Nashik. You might be required to visit other locations within India and outside. In return, you'll get the chance to work with teams impacting - and the shape of things to come. We're Siemens. A collection of over 379,000 minds building the future, one day at a time in over 200 countries. We're dedicated to equality, and we encourage applications that reflect the diversity of the communities we work in. All employment decisions at Siemens are based on qualifications, merit and business need. Bring your curiosity and creativity and help us shape tomorrow.\n\nFind out more about mobility at: https://new.siemens.com/global/en/products/mobility.html and about Siemens careers at: www.siemens.com/careers",Business & Functional Analysis,Director,"Nashik, Maharashtra, India",3995939.0,Siemens,"Manufacturing, Automotive, Energy",https://jobs.siemens.com/careers/job/563156120357045?hl=en&sourceType=PREMIUM_POST_SITE&domain=siemens.com,"Location: Nashik, India"
263919671.0,14-08-2024 12:25,07-09-2024 19:23,2 weeks ago,"Software Engineering Manager, Systems Infrastructure","LinkedIn is the worldâ€™s largest professional network, built to create economic opportunity for every member of the global workforce. Our products help people make powerful connections, discover exciting opportunities, build necessary skills, and gain valuable insights every day. Weâ€™re also committed to providing transformational opportunities for our own employees by investing in their growth. We aspire to create a culture thatâ€™s built on trust, care, inclusion, and fun, where everyone can succeed.\n\nJoin us to transform the way the world works.\n\nThis role will be based in Bangalore, India.\n\nAt LinkedIn, we trust each other to do our best work where it works best for us and our teams. This role offers a hybrid work option, meaning you can both work from home and commute to a LinkedIn office, depending on whatâ€™s best for you and when it is important for your team to be together.\n\nAs part of our world-class software engineering team, you will be charged with building the next-generation infrastructure and platforms for LinkedIn, including but not limited to: an application and service delivery platform, massively scalable data storage and replication systems, cutting-edge search platform, best-in-class AI platform, experimentation platform, privacy and compliance platform etc. You will work and learn among the best, putting to use your passion for distributed technologies and algorithms, API design and systems-design, and your passion for writing code that performs at an extreme scale. LinkedIn has already pioneered well-known open-source infrastructure projects like Apache Kafka, Pinot, Azkaban, Samza, Venice, Datahub, Feather, etc. We also work with industry standard open source infrastructure products like Kubernetes, GRPC and GraphQL - come join our infrastructure teams and share the knowledge with a broader community while making a real impact within our company.\n\nResponsibilities:\n- Manage the performance and career development of a team of engineers, and own significant parts of LinkedIn products that require design, architecture, and coding.\n- Participate with senior management in developing a long-term technology roadmap.\n- Be a role model and professional coach for engineers with a strong bias for action and focus on craftsmanship.\n- Work with peers across teams to support and leverage a shared technical stack.\n- Manage teams to scale distributed applications, make architectural trade-offs applying synchronous and asynchronous design patterns, review code, and deliver with speediness and quality.\n- Develop multi-tier scalable, high-volume performing, and reliable user-centric applications that operate 24x7.\n- Produce high-quality software that is unit tested, code reviewed, and checked in regularly for continuous integration.\n\nBasic Qualifications:\n- BS in Computer Science or related field with 8+ years of relevant engineering work experience, of which, 2+ years of hands-on technical management experience\n- Hands on experience developing distributed systems, large-scale systems, databases and/or Backend APIs\n\nPreferred Qualifications:\n- 2+ years of management experience in building small to medium-sized teams, demonstrating growth and a track record of successful deliveries.\n- Shipped several large-scale projects with dependencies across multiple teams.\n- Built and delivered on successful cross-functional partnerships across multiple teams.\n- Been actively involved in creation and execution of technical strategy and roadmap.\n- Actively coached, mentored and grew team members in their careers.\n- Track record in partnering with recruiting to hire and build incredible engineering teams.\n\nSuggested Skills:\n- Technical Leadership\n- People Management\n- Stakeholder Management\n\nYou will Benefit from our Culture:\nWe strongly believe in the well-being of our employees and their families. That is why we offer generous health and wellness programs and time away for employees of all levels.\n\nIndia Disability Policy\nLinkedIn is an equal employment opportunity employer offering opportunities to all job seekers, including individuals with disabilities. For more information on our equal opportunity policy, please visit https://legal.linkedin.com/content/dam/legal/Policy_India_EqualOppPWD_9-12-2023.pdf\n\nGlobal Data Privacy Notice for Job Candidates\nThis document provides transparency around the way in which LinkedIn handles personal data of employees and job applicants: https://legal.linkedin.com/candidate-portal",Business & Functional Analysis,Not Applicable,"Bengaluru, Karnataka, India",8568581.0,LinkedIn,Telecom & Media,,"Email: [your email address]
    Phone Number: [optional, but encouraged for follow up]"
263941840.0,14-08-2024 12:45,23-08-2024 14:37,1 day ago,Clinical Project Manager,"Summary\n\nThis role is responsible to Lead and manage a multidisciplinary cross functional Clinical Trial Team (CTT) (medical writing, statistics, data management, monitoring partner, drug supply, regulatory, safety etc.) or support the Sr. CPM (where applicable) in the effective planning, regular re-evaluation and implementation of assigned clinical studies and/or MAP//Research Collaborations/IIT/Digital Solutions programs according to Novartis Global processes ensuring adherence to timelines, budget, quality standards and operational procedures.\n\nAbout The Role\n\nClinical Project Manager\n\nLocation â€“ Hyderabad  Hybrid\n\nAbout The Role:\n\nThis role is responsible to Lead and manage a multidisciplinary cross functional Clinical Trial Team (CTT) (medical writing, statistics, data management, monitoring partner, drug supply, regulatory, safety etc.) or support the Sr. CPM (where applicable) in the effective planning, regular re-evaluation and implementation of assigned clinical studies and/or MAP//Research Collaborations/IIT/Digital Solutions programs according to Novartis Global processes ensuring adherence to timelines, budget, quality standards and operational procedures.\n\nKey Responsibilities:\n\nâ€¢ Agree with colleague/customer team and Line Functions on realistic project and study timelines. Escalate to higher level in the organization if no agreement can be achieved or support the Sr. CPM (where applicable).\nâ€¢ Lead and manage a multidisciplinary cross functional Clinical Trial Team (CTT) (medical writing, statistics, data management, monitoring partner, drug supply, regulatory, safety etc.) or support the Sr. CPM (where applicable) in the effective planning, regular re-evaluation and implementation of assigned clinical studies and/or MAP//Research Collaborations/IIT/Digital Solutions programs according to Novartis Global processes ensuring adherence to timelines, budget, quality standards and operational procedures.\nâ€¢ Might be required to support or lead other projects/program, in collaboration with cross-functional teams.`\nâ€¢ Responsible for investigators meeting organization and all internal meetings related to the clinical study execution and operational excellence.\nâ€¢ As applicable, directly interact with investigator sites and CRAs/CROs/vendors to ensure smooth study set up and smooth study conduct, reviewing site performance, protocol deviations, ongoing risk assessment and timely issue resolution in alignment with Novartis global standard with local regulation requirement.\nâ€¢ As applicable, support compilation of study regulatory documents for submissions to competent authorities and ethics-committees in collaboration with other associated CONEXTS, Novartis line functions and CRO Partners as required.\nâ€¢ Also, if needed support clinical studies with all onsite/remote monitoring activities and communications with investigators, investigational sites, clinical trial team, healthcare professional and other associated internal line-functions.\nâ€¢ As applicable, responsible for review of all site visit related reports and quality control of monitoring activities in timely manner.\n\n\nCommitment to Diversity & Inclusion: :\n\nWe are committed to building an outstanding, inclusive work environment and diverse teams representative of the patients and communities we serve.\n\nEssential Requirements\n\nâ€¢ Approximately 8 yearsâ€™ of Global Clinical Operations experience with managerial experience in designing, planning, executing, reporting and publishing clinical studies (interventional and non-interventional clinical studies, early to late phase) in a pharmaceutical company or contract research organization.\nâ€¢ Proven ability to work independently in a complex matrix environment (including remote), including leading cross-functional team.\n\n\nDesirable Requirements:\n\nâ€¢ Solid project management skills. Thorough knowledge of Good Clinical Practice, clinical study design, statistics, regulatory processes, and global clinical development process.\nâ€¢ Demonstrated presentation and diplomacy skills. Negotiation and conflict resolution skills. Strong customer-oriented mindset. Ability to resolve issues with minimal supervision and understand when to escalate. Willingness to act accountably in project/study management.\n\n\nWhy Novartis: Our purpose is to reimagine medicine to improve and extend peopleâ€™s lives and our vision is to become the most valued and trusted medicines company in the world. How can we achieve this? With our people. It is our associates that drive us each day to reach our ambitions. Be a part of this mission and join us! Learn more here: https://www.novartis.com/about/strategy/people-and-culture\n\nYouâ€™ll receive: You can find everything you need to know about our benefits and rewards in the Novartis Life Handbook. https://www.novartis.com/careers/benefits-rewards\n\nCommitment To Diversity And Inclusion:\n\nNovartis is committed to building an outstanding, inclusive work environment and diverse teams' representative of the patients and communities we serve.\n\nJoin our Novartis Network: If this role is not suitable to your experience or career goals but you wish to stay connected to hear more about Novartis and our career opportunities, join the Novartis Network here: https://talentnetwork.novartis.com/network\n\nWhy Novartis: Helping people with disease and their families takes more than innovative science. It takes a community of smart, passionate people like you. Collaborating, supporting and inspiring each other. Combining to achieve breakthroughs that change patientsâ€™ lives. Ready to create a brighter future together? https://www.novartis.com/about/strategy/people-and-culture\n\nJoin our Novartis Network: Not the right Novartis role for you? Sign up to our talent community to stay connected and learn about suitable career opportunities as soon as they come up: https://talentnetwork.novartis.com/network",Business & Functional Analysis,Mid-Senior level,"Hyderabad, Telangana, India",4871648.0,Novartis,Healthcare & Pharma,https://www.novartis.com/careers/career-search/job/details/req-10009480-clinical-project-manager,Commitment to Diversity & Inclusion: [commitment statement]
